"id","speaker","break_before","tags","phrases"
"litany-peace-in-peace","role-deacon","","[]","[{""phrase_id"":""peace-001""}]"
"litany-peace-let-us-pray","role-deacon","","[]","[{""phrase_id"":""petition-001""}]"
"litany-peace-lord-have-mercy-choir","role-choir","","[]","[{""phrase_id"":""lord-have-mercy-001""},{""text"":"".""}]"
"litany-peace-from-above","role-deacon","true","[]","[{""phrase_id"":""peace-from-above-001""},{""text"":""، ""},{""phrase_id"":""salvation-001""},{""text"":""،""}]"
"litany-peace-whole-world","role-deacon","true","[]","[{""phrase_id"":""whole-world-001""},{""text"":""، ""},{""phrase_id"":""holy-churches-001""},{""text"":""، ""},{""phrase_id"":""union-001""},{""text"":""،""}]"
"litany-peace-holy-house","role-deacon","true","[]","[{""phrase_id"":""holy-house-001""},{""text"":""، ""},{""phrase_id"":""enter-with-faith-001""},{""text"":""،""}]"
"litany-peace-help-save","role-deacon","","[]","[{""phrase_id"":""help-save-have-mercy-001""},{""text"":""، ""},{""phrase_id"":""preserve-us-001""},{""text"":""، ""},{""phrase_id"":""o-god-001""},{""text"":"" ""},{""phrase_id"":""by-your-grace-001""},{""text"":"".""}]"
"litany-peace-lord-have-mercy-all","role-all","","[]","[{""phrase_id"":""lord-have-mercy-001""},{""text"":"".""}]"
"antiphon-word-of-god-only-begotten","role-all","","[]","[{""phrase_id"":""word-of-god-001""},{""text"":"" ""},{""phrase_id"":""only-begotten-001""},{""text"":""،""}]"
"antiphon-deathless","role-all","","[]","[{""phrase_id"":""deathless-001""},{""text"":""،""}]"
"antiphon-accepted-incarnate","role-all","","[]","[{""phrase_id"":""accepted-incarnate-001""},{""text"":"" ""},{""phrase_id"":""for-our-salvation-001""},{""text"":""،""}]"
"antiphon-from-theotokos","role-all","","[]","[{""phrase_id"":""from-theotokos-001""},{""text"":"" ""},{""phrase_id"":""ever-virgin-mary-001""},{""text"":""،""}]"
"antiphon-became-man","role-all","","[]","[{""phrase_id"":""became-man-001""},{""text"":"".""}]"
"antiphon-crucified","role-all","","[]","[{""phrase_id"":""crucified-001""},{""text"":""،""}]"
"antiphon-trampled-death","role-all","","[]","[{""phrase_id"":""trampled-death-001""},{""text"":""،""}]"
"antiphon-one-of-trinity","role-all","","[]","[{""phrase_id"":""one-of-trinity-001""},{""text"":""،""}]"
"antiphon-glorified-with-father","role-all","","[]","[{""phrase_id"":""glorified-with-father-001""},{""text"":""،""}]"
"antiphon-save-us","role-all","","[]","[{""phrase_id"":""save-us-001""},{""text"":"".""}]"
"second-antiphon-save-us-risen-1","role-choir","","[""antiphon"",""hymn"",""ordinary-sundays""]","[{""phrase_id"":""save-us-001""},{""text"":"" ""},{""phrase_id"":""son-of-god-001""},{""text"":""، ""},{""phrase_id"":""entrance-risen-dead-001""},{""text"":""، ""},{""phrase_id"":""entrance-we-sing-to-you-001""},{""text"":"" ""},{""phrase_id"":""alleluia-001""},{""text"":"".""}]"
"second-antiphon-weekdays-label","role-choir","true","[""antiphon"",""hymn"",""weekdays"",""rubric""]","[{""text"":""(""},{""phrase_id"":""weekdays-label-001""},{""text"":"")""}]"
"second-antiphon-save-us-weekdays","role-choir","","[""antiphon"",""hymn"",""weekdays""]","[{""phrase_id"":""save-us-001""},{""text"":"" ""},{""phrase_id"":""son-of-god-001""},{""text"":""، ""},{""phrase_id"":""entrance-wondrous-saints-001""},{""text"":""، ""},{""phrase_id"":""entrance-we-sing-to-you-001""},{""text"":"" ""},{""phrase_id"":""alleluia-001""},{""text"":"".""}]"
"second-antiphon-glory","role-choir","true","[""antiphon"",""hymn"",""doxology""]","[{""phrase_id"":""glory-001""},{""text"":"" ""},{""phrase_id"":""to-father-son-holy-spirit-001""},{""text"":"".""}]"
"second-antiphon-save-us-risen-2","role-choir","","[""antiphon"",""hymn"",""ordinary-sundays""]","[{""phrase_id"":""save-us-001""},{""text"":"" ""},{""phrase_id"":""son-of-god-001""},{""text"":""، ""},{""phrase_id"":""entrance-risen-dead-001""},{""text"":""، ""},{""phrase_id"":""entrance-we-sing-to-you-001""},{""text"":"" ""},{""phrase_id"":""alleluia-001""},{""text"":"".""}]"
"second-antiphon-both-now","role-choir","true","[""antiphon"",""hymn"",""doxology""]","[{""phrase_id"":""doxology-now-ever-ages-001""},{""text"":"". ""},{""phrase_id"":""amen-001""},{""text"":"".""}]"
"entrance-let-us-pray","role-deacon","","[""entrance""]","[{""phrase_id"":""petition-001""},{""text"":"".""}]"
"entrance-priest-master-lord-quiet","role-priest","true","[""entrance"",""quiet"",""priest-prayer""]","[{""phrase_id"":""entrance-master-lord-god-001""},{""text"":""، ""},{""phrase_id"":""entrance-appointed-angels-001""},{""text"":"" ""},{""phrase_id"":""entrance-service-glory-001""},{""text"":"". ""},{""phrase_id"":""entrance-make-our-entrance-001""},{""text"":"" ""},{""phrase_id"":""entrance-angels-serving-001""},{""text"":"" ""},{""phrase_id"":""entrance-glorifying-goodness-001""},{""text"":"".""}]"
"entrance-priest-doxology","role-priest","true","[""entrance"",""doxology""]","[{""phrase_id"":""doxology-for-fitting-001""},{""text"":"" ""},{""phrase_id"":""doxology-glory-honor-worship-001""},{""text"":""، ""},{""phrase_id"":""doxology-father-son-spirit-001""},{""text"":""، ""},{""phrase_id"":""doxology-now-ever-ages-001""},{""text"":"".""}]"
"entrance-amen-bless-master","role-deacon","true","[""entrance""]","[{""phrase_id"":""amen-001""},{""text"":"". ""},{""phrase_id"":""entrance-bless-master-001""},{""text"":""، ""},{""phrase_id"":""entrance-holy-entrance-001""},{""text"":"".""}]"
"entrance-blessed-entrance","role-priest","true","[""entrance"",""blessing""]","[{""phrase_id"":""entrance-blessed-is-001""},{""text"":"" ""},{""phrase_id"":""entrance-holy-ones-001""},{""text"":""، ""},{""phrase_id"":""entrance-always-001""},{""text"":""، ""},{""phrase_id"":""doxology-now-ever-ages-001""},{""text"":"".""}]"
"entrance-deacon-amen","role-deacon","true","[""entrance""]","[{""phrase_id"":""amen-001""},{""text"":"".""}]"
"entrance-wisdom-stand-upright","role-deacon","","[""entrance""]","[{""phrase_id"":""wisdom-001""},{""text"":"". ""},{""phrase_id"":""stand-upright-001""},{""text"":"".""}]"
"entrance-hymn-come-worship","role-choir","","[""entrance"",""hymn""]","[{""phrase_id"":""entrance-come-001""},{""text"":"" ""},{""phrase_id"":""entrance-worship-bow-001""},{""text"":"" ""},{""phrase_id"":""entrance-christ-king-god-001""},{""text"":"".""}]"
"entrance-hymn-save-us-son-of-god","role-choir","true","[""entrance"",""hymn""]","[{""phrase_id"":""save-us-001""},{""text"":"" ""},{""phrase_id"":""son-of-god-001""},{""text"":""،""}]"
"entrance-hymn-risen-label","role-choir","true","[""entrance"",""hymn"",""ordinary-sundays"",""rubric""]","[{""text"":""(""},{""phrase_id"":""ordinary-sundays-label-001""},{""text"":"")""}]"
"entrance-hymn-risen-sundays","role-choir","","[""entrance"",""hymn"",""ordinary-sundays""]","[{""phrase_id"":""entrance-risen-dead-001""},{""text"":""،""}]"
"entrance-hymn-risen-alleluia","role-choir","","[""entrance"",""hymn"",""ordinary-sundays""]","[{""phrase_id"":""entrance-we-sing-to-you-001""},{""text"":"" ""},{""phrase_id"":""alleluia-001""},{""text"":"".""}]"
"entrance-hymn-weekdays-label","role-choir","true","[""entrance"",""hymn"",""weekdays"",""rubric""]","[{""text"":""(""},{""phrase_id"":""weekdays-label-001""},{""text"":"")""}]"
"entrance-hymn-wondrous-weekdays","role-choir","","[""entrance"",""hymn"",""weekdays""]","[{""phrase_id"":""entrance-wondrous-saints-001""},{""text"":""،""}]"
"entrance-hymn-wondrous-alleluia","role-choir","","[""entrance"",""hymn"",""weekdays""]","[{""phrase_id"":""entrance-we-sing-to-you-001""},{""text"":"" ""},{""phrase_id"":""alleluia-001""},{""text"":"".""}]"
"entrance-hymn-rubric","","true","[""rubric"",""entrance""]","[{""phrase_id"":""entrance-rubric-chant-hymns-001""},{""text"":"" (""},{""phrase_id"":""entrance-rubric-refer-bulletin-001""},{""text"":"") ""},{""phrase_id"":""entrance-rubric-priest-prayer-001""},{""text"":"".""}]"
"trisagion-holy-god-resting-quiet","role-priest","true","[""quiet"",""priest-prayer"",""trisagion""]","[{""phrase_id"":""trisagion-holy-god-resting-001""}]"
"trisagion-seraphim-quiet","role-priest","","[""quiet"",""priest-prayer"",""trisagion""]","[{""phrase_id"":""trisagion-seraphim-001""}]"
"trisagion-cherubim-quiet","role-priest","","[""quiet"",""priest-prayer"",""trisagion""]","[{""phrase_id"":""trisagion-cherubim-001""}]"
"trisagion-heavenly-powers-quiet","role-priest","","[""quiet"",""priest-prayer"",""trisagion""]","[{""phrase_id"":""trisagion-heavenly-powers-001""}]"
"trisagion-out-of-nothing-quiet","role-priest","","[""quiet"",""priest-prayer"",""trisagion""]","[{""phrase_id"":""trisagion-out-of-nothing-001""}]"
"trisagion-created-humanity-quiet","role-priest","","[""quiet"",""priest-prayer"",""trisagion""]","[{""phrase_id"":""trisagion-created-humanity-001""}]"
"trisagion-gives-wisdom-quiet","role-priest","","[""quiet"",""priest-prayer"",""trisagion""]","[{""phrase_id"":""trisagion-gives-wisdom-001""}]"
"trisagion-not-neglect-sinners-quiet","role-priest","","[""quiet"",""priest-prayer"",""trisagion""]","[{""phrase_id"":""trisagion-not-neglect-sinners-001""}]"
"trisagion-repentance-salvation-quiet","role-priest","","[""quiet"",""priest-prayer"",""trisagion""]","[{""phrase_id"":""trisagion-repentance-salvation-001""}]"
"trisagion-made-worthy-servants-quiet","role-priest","","[""quiet"",""priest-prayer"",""trisagion""]","[{""phrase_id"":""trisagion-made-worthy-servants-001""}]"
"trisagion-stand-before-altar-quiet","role-priest","","[""quiet"",""priest-prayer"",""trisagion""]","[{""phrase_id"":""trisagion-stand-before-altar-001""}]"
"trisagion-offer-worship-quiet","role-priest","","[""quiet"",""priest-prayer"",""trisagion""]","[{""phrase_id"":""trisagion-offer-worship-001""}]"
"trisagion-receive-from-mouths-quiet","role-priest","true","[""quiet"",""priest-prayer"",""trisagion""]","[{""phrase_id"":""trisagion-receive-from-mouths-001""}]"
"trisagion-thrice-holy-hymn-quiet","role-priest","","[""quiet"",""priest-prayer"",""trisagion""]","[{""phrase_id"":""trisagion-thrice-holy-hymn-001""}]"
"trisagion-visit-goodness-quiet","role-priest","","[""quiet"",""priest-prayer"",""trisagion""]","[{""phrase_id"":""trisagion-visit-goodness-001""}]"
"trisagion-forgive-every-sin-quiet","role-priest","","[""quiet"",""priest-prayer"",""trisagion""]","[{""phrase_id"":""trisagion-forgive-every-sin-001""}]"
"trisagion-sanctify-souls-bodies-quiet","role-priest","","[""quiet"",""priest-prayer"",""trisagion""]","[{""phrase_id"":""trisagion-sanctify-souls-bodies-001""}]"
"trisagion-grant-worship-quiet","role-priest","","[""quiet"",""priest-prayer"",""trisagion""]","[{""phrase_id"":""trisagion-grant-worship-001""}]"
"trisagion-all-days-life-quiet","role-priest","","[""quiet"",""priest-prayer"",""trisagion""]","[{""phrase_id"":""trisagion-all-days-life-001""}]"
"trisagion-theotokos-intercessions-quiet","role-priest","","[""quiet"",""priest-prayer"",""trisagion""]","[{""phrase_id"":""trisagion-theotokos-intercessions-001""}]"
"trisagion-all-saints-quiet","role-priest","","[""quiet"",""priest-prayer"",""trisagion""]","[{""phrase_id"":""trisagion-all-saints-001""}]"
"entrance-hymn-final-let-us-pray","role-deacon","true","[""entrance"",""trisagion""]","[{""phrase_id"":""petition-001""},{""text"":"".""}]"
"entrance-hymn-final-lord-have-mercy","role-choir","","[""entrance"",""trisagion""]","[{""phrase_id"":""lord-have-mercy-001""},{""text"":"".""}]"
"entrance-hymn-holy-art-benediction","role-priest","true","[""entrance"",""trisagion"",""doxology""]","[{""phrase_id"":""for-holy-art-thou-001""},{""text"":""، ""},{""phrase_id"":""unto-thee-ascribe-glory-001""},{""text"":""، ""},{""phrase_id"":""doxology-father-son-spirit-001""},{""text"":""، ""},{""phrase_id"":""now-and-ever-001""},{""text"":"" ...""}]"
"entrance-hymn-deacon-ages","role-deacon","","[""entrance"",""trisagion"",""doxology""]","[{""phrase_id"":""unto-ages-of-ages-001""},{""text"":"".""}]"
"entrance-hymn-final-amen","role-choir","","[""entrance"",""trisagion""]","[{""phrase_id"":""amen-001""},{""text"":"".""}]"
"preparation-heavenly-king","role-priest","","[""preparation""]","[{""phrase_id"":""preparation-heavenly-king-001""},{""text"":""، ""},{""phrase_id"":""preparation-everywhere-present-001""},{""text"":""،""}]"
"preparation-treasury-giver","role-priest","","[""preparation""]","[{""phrase_id"":""preparation-treasury-giver-001""},{""text"":"": ""},{""phrase_id"":""preparation-come-abide-001""},{""text"":""،""}]"
"preparation-cleanse-save","role-priest","","[""preparation""]","[{""phrase_id"":""preparation-cleanse-save-001""},{""text"":"".""}]"
"preparation-rubric-omit-heavenly-king","","true","[""rubric"",""preparation""]","[{""phrase_id"":""preparation-rubric-omit-heavenly-king-001""},{""text"":"".""}]"
"preparation-glory-highest","role-priest","true","[""preparation""]","[{""phrase_id"":""glory-highest-001""},{""text"":""، ""},{""phrase_id"":""earth-peace-goodwill-001""},{""text"":"". (""},{""phrase_id"":""thrice-001""},{""text"":"")""}]"
"preparation-open-my-lips","role-priest","true","[""preparation""]","[{""phrase_id"":""open-my-lips-001""},{""text"":""، ""},{""phrase_id"":""declare-praise-001""},{""text"":"". (""},{""phrase_id"":""twice-001""},{""text"":"")""}]"
"preparation-open-door-mercy","role-priest","","[""preparation""]","[{""phrase_id"":""open-door-mercy-001""},{""text"":"".""}]"
"preparation-time-lord-act","role-deacon","true","[""preparation"",""clergy-dialogue""]","[{""phrase_id"":""time-lord-act-001""},{""text"":"". ""},{""phrase_id"":""bless-holy-master-001""},{""text"":"".""}]"
"preparation-blessed-is-our-god","role-priest","","[""preparation"",""clergy-dialogue""]","[{""phrase_id"":""blessed-is-our-god-001""},{""text"":""، ""},{""phrase_id"":""always-now-ever-ages-001""},{""text"":"".""}]"
"preparation-pray-for-me","role-deacon","","[""preparation"",""clergy-dialogue""]","[{""phrase_id"":""amen-001""},{""text"":"". ""},{""phrase_id"":""pray-for-me-holy-master-001""},{""text"":"".""}]"
"preparation-lord-direct-steps","role-priest","","[""preparation"",""clergy-dialogue""]","[{""phrase_id"":""lord-direct-steps-001""},{""text"":"".""}]"
"preparation-remember-me","role-deacon","","[""preparation"",""clergy-dialogue""]","[{""phrase_id"":""remember-me-holy-master-001""},{""text"":"".""}]"
"preparation-lord-remember-kingdom","role-priest","","[""preparation"",""clergy-dialogue""]","[{""phrase_id"":""lord-remember-kingdom-001""},{""text"":""، ""},{""phrase_id"":""always-now-ever-ages-001""},{""text"":"".""}]"
"opening-bless-master","role-deacon","","[""opening""]","[{""phrase_id"":""opening-bless-master-001""},{""text"":"".""}]"
"opening-blessed-kingdom","role-priest","","[""opening""]","[{""phrase_id"":""opening-blessed-kingdom-001""},{""text"":"" ""},{""phrase_id"":""father-son-holy-spirit-001""},{""text"":""، ""},{""phrase_id"":""doxology-now-ever-ages-001""},{""text"":"".""}]"
"opening-amen","role-choir","","[""opening""]","[{""phrase_id"":""amen-001""},{""text"":"".""}]"
"litany-peace-healthful-seasons","role-deacon","true","[""litany""]","[{""phrase_id"":""healthful-seasons-001""},{""text"":""، ""},{""phrase_id"":""abundance-fruits-earth-001""},{""text"":""، ""},{""phrase_id"":""peaceful-times-001""},{""text"":""،""}]"
"litany-peace-travelers","role-deacon","true","[""litany""]","[{""phrase_id"":""travelers-sea-land-air-001""},{""text"":""، ""},{""phrase_id"":""sick-suffering-captive-001""},{""text"":""، ""},{""phrase_id"":""their-salvation-001""},{""text"":""،""}]"
"litany-peace-deliverance","role-deacon","true","[""litany""]","[{""phrase_id"":""deliverance-tribulation-001""},{""text"":"" ""},{""phrase_id"":""from-all-tribulation-001""},{""text"":""، ""},{""phrase_id"":""wrath-danger-necessity-001""},{""text"":""،""}]"
"litany-peace-calling-remembrance","role-deacon","true","[""litany""]","[{""phrase_id"":""calling-remembrance-001""},{""text"":"" ""},{""phrase_id"":""all-holy-immaculate-001""},{""text"":""، ""},{""phrase_id"":""most-blessed-glorious-lady-001""},{""text"":""، ""},{""phrase_id"":""theotokos-001""},{""text"":"" ""},{""phrase_id"":""ever-virgin-mary-002""},{""text"":""، ""},{""phrase_id"":""with-all-saints-001""},{""text"":""، ""},{""phrase_id"":""commend-ourselves-001""},{""text"":"" ""},{""phrase_id"":""and-each-other-001""},{""text"":"" ""},{""phrase_id"":""and-all-our-life-001""},{""text"":"" ""},{""phrase_id"":""unto-christ-our-god-001""},{""text"":"".""}]"
"litany-peace-to-thee-o-lord","role-choir","","[""litany""]","[{""phrase_id"":""to-thee-o-lord""},{""text"":"".""}]"
"litany-peace-priest-might-quiet","role-priest","true","[""litany"",""quiet"",""priest-prayer""]","[{""phrase_id"":""o-lord-our-god-001""},{""text"":""، ""},{""phrase_id"":""whose-might-beyond-compare-001""},{""text"":""، ""},{""phrase_id"":""whose-glory-incomprehensible-001""},{""text"":""، ""},{""phrase_id"":""whose-mercy-boundless-001""},{""text"":""، ""},{""phrase_id"":""whose-love-ineffable-001""},{""text"":"":""}]"
"litany-peace-priest-look-quiet","role-priest","","[""litany"",""quiet"",""priest-prayer""]","[{""phrase_id"":""do-thou-o-master-001""},{""text"":"" ""},{""phrase_id"":""in-tender-compassion-001""},{""text"":"" ""},{""phrase_id"":""upon-us-001""},{""text"":"" ""},{""phrase_id"":""upon-this-holy-house-001""},{""text"":""، ""},{""phrase_id"":""grant-rich-mercies-001""},{""text"":"" ""},{""phrase_id"":""upon-us-001""},{""text"":"" ""},{""phrase_id"":""upon-those-pray-with-us-001""},{""text"":"".""}]"
"litany-peace-priest-doxology","role-priest","true","[""litany"",""doxology""]","[{""phrase_id"":""doxology-for-fitting-001""},{""text"":"" ""},{""phrase_id"":""doxology-glory-honor-worship-001""},{""text"":""، ""},{""phrase_id"":""doxology-father-son-spirit-001""},{""text"":""، ""},{""phrase_id"":""doxology-now-ever-ages-001""},{""text"":"".""}]"
"litany-peace-choir-amen","role-choir","","[""litany""]","[{""phrase_id"":""amen-001""},{""text"":"".""}]"
"litany-peace-rubric-theotokos-icon","","true","[""rubric""]","[{""phrase_id"":""rubric-deacon-theotokos-icon-001""},{""text"":"".""}]"
"first-antiphon-through-theotokos-1","role-choir","","[""antiphon""]","[{""phrase_id"":""through-intercessions-001""},{""text"":"" ""},{""phrase_id"":""theotokos-001""},{""text"":""، ""},{""phrase_id"":""o-savior-save-us-001""},{""text"":"".""}]"
"first-antiphon-glory","role-choir","true","[""antiphon""]","[{""phrase_id"":""glory-001""},{""text"":"" ""},{""phrase_id"":""to-father-son-holy-spirit-001""},{""text"":"".""}]"
"first-antiphon-through-theotokos-2","role-choir","","[""antiphon""]","[{""phrase_id"":""through-intercessions-001""},{""text"":"" ""},{""phrase_id"":""theotokos-001""},{""text"":""، ""},{""phrase_id"":""o-savior-save-us-001""},{""text"":"".""}]"
"first-antiphon-both-now","role-choir","true","[""antiphon""]","[{""phrase_id"":""doxology-now-ever-ages-001""},{""text"":"". ""},{""phrase_id"":""amen-001""},{""text"":"".""}]"
"first-antiphon-through-theotokos-3","role-choir","","[""antiphon""]","[{""phrase_id"":""through-intercessions-001""},{""text"":"" ""},{""phrase_id"":""theotokos-001""},{""text"":""، ""},{""phrase_id"":""o-savior-save-us-001""},{""text"":"".""}]"
"first-antiphon-rubric-little-litany","","true","[""rubric""]","[{""phrase_id"":""rubric-deacon-holy-doors-little-litany-001""},{""text"":"".""}]"
"little-litany-again","role-deacon","","[""little-litany""]","[{""phrase_id"":""again-and-again""},{""text"":""، ""},{""phrase_id"":""peace-001""},{""text"":""، ""},{""phrase_id"":""petition-001""},{""text"":"".""}]"
"little-litany-lord-have-mercy-1","role-choir","","[""little-litany""]","[{""phrase_id"":""lord-have-mercy-001""},{""text"":"".""}]"
"little-litany-help-save","role-deacon","","[""little-litany""]","[{""phrase_id"":""help-save-have-mercy-001""},{""text"":""، ""},{""phrase_id"":""preserve-us-001""},{""text"":""، ""},{""phrase_id"":""o-god-001""},{""text"":"" ""},{""phrase_id"":""by-your-grace-001""},{""text"":"".""}]"
"little-litany-lord-have-mercy-2","role-choir","","[""little-litany""]","[{""phrase_id"":""lord-have-mercy-001""},{""text"":"".""}]"
"little-litany-calling-remembrance","role-deacon","true","[""little-litany""]","[{""phrase_id"":""calling-remembrance-001""},{""text"":"" ""},{""phrase_id"":""all-holy-immaculate-001""},{""text"":""، ""},{""phrase_id"":""most-blessed-glorious-lady-001""},{""text"":""، ""},{""phrase_id"":""theotokos-001""},{""text"":"" ""},{""phrase_id"":""ever-virgin-mary-002""},{""text"":""، ""},{""phrase_id"":""with-all-saints-001""},{""text"":""، ""},{""phrase_id"":""commend-ourselves-001""},{""text"":"" ""},{""phrase_id"":""and-each-other-001""},{""text"":"" ""},{""phrase_id"":""and-all-our-life-001""},{""text"":"" ""},{""phrase_id"":""unto-christ-our-god-001""},{""text"":"".""}]"
"little-litany-to-thee-o-lord","role-choir","","[""little-litany""]","[{""phrase_id"":""to-thee-o-lord""},{""text"":"".""}]"
"little-litany-save-thy-people-quiet","role-priest","true","[""little-litany"",""quiet"",""priest-prayer""]","[{""phrase_id"":""save-thy-people-001""},{""text"":""، ""},{""phrase_id"":""preserve-fullness-church-001""},{""text"":""، ""},{""phrase_id"":""sanctify-love-house-001""},{""text"":""،""}]"
"little-litany-glorify-forsake-quiet","role-priest","","[""little-litany"",""quiet"",""priest-prayer""]","[{""phrase_id"":""glorify-by-power-001""},{""text"":""، ""},{""phrase_id"":""forsake-us-not-001""},{""text"":"".""}]"
"little-litany-for-thine-might","role-priest","true","[""little-litany"",""doxology""]","[{""phrase_id"":""for-thine-might-001""},{""text"":""، ""},{""phrase_id"":""doxology-father-son-spirit-001""},{""text"":""، ""},{""phrase_id"":""doxology-now-ever-ages-001""},{""text"":"".""}]"
"little-litany-common-supplications-quiet","role-priest","true","[""little-litany"",""second-antiphon"",""quiet"",""priest-prayer""]","[{""phrase_id"":""granted-common-supplications-001""},{""text"":"" ""},{""phrase_id"":""common-supplications-accord-001""},{""text"":""، ""},{""phrase_id"":""promise-two-three-001""},{""text"":"" ""},{""phrase_id"":""gathered-in-thy-name-001""},{""text"":"" ""},{""phrase_id"":""grant-their-requests-001""},{""text"":"":""}]"
"little-litany-fulfill-quiet","role-priest","","[""little-litany"",""second-antiphon"",""quiet"",""priest-prayer""]","[{""phrase_id"":""fulfill-desires-petitions-001""},{""text"":"" ""},{""phrase_id"":""as-expedient-001""},{""text"":""، ""},{""phrase_id"":""grant-knowledge-truth-001""},{""text"":"" ""},{""phrase_id"":""age-to-come-life-everlasting-001""},{""text"":"".""}]"
"little-litany-good-god-doxology","role-priest","true","[""little-litany"",""second-antiphon"",""doxology""]","[{""phrase_id"":""good-god-lovest-mankind-001""},{""text"":""، ""},{""phrase_id"":""doxology-father-son-spirit-001""},{""text"":""، ""},{""phrase_id"":""doxology-now-ever-ages-001""},{""text"":"".""}]"
"little-litany-amen","role-choir","","[""little-litany""]","[{""phrase_id"":""amen-001""},{""text"":"".""}]"
"little-litany-rubric-christ-icon","","true","[""rubric""]","[{""phrase_id"":""rubric-deacon-christ-icon-001""},{""text"":"".""}]"
"trisagion-hymn-holy-god-1","role-choir","","[""trisagion"",""hymn""]","[{""phrase_id"":""holy-god-001""},{""text"":""، ""},{""phrase_id"":""holy-mighty-001""},{""text"":""، ""},{""phrase_id"":""holy-immortal-001""},{""text"":""، ""},{""phrase_id"":""have-mercy-on-us-001""},{""text"":"" (""},{""phrase_id"":""thrice-001""},{""text"":"")""}]"
"trisagion-hymn-glory","role-choir","true","[""trisagion"",""hymn""]","[{""phrase_id"":""glory-001""},{""text"":"" ""},{""phrase_id"":""to-father-son-holy-spirit-001""},{""text"":""، ""},{""phrase_id"":""doxology-now-ever-ages-001""},{""text"":"". ""},{""phrase_id"":""amen-001""},{""text"":"".""}]"
"trisagion-hymn-holy-immortal","role-choir","","[""trisagion"",""hymn""]","[{""phrase_id"":""holy-immortal-001""},{""text"":""، ""},{""phrase_id"":""have-mercy-on-us-001""},{""text"":"".""}]"
"trisagion-with-strength","role-deacon","true","[""trisagion""]","[{""phrase_id"":""with-strength-001""},{""text"":"". (""},{""phrase_id"":""dynamis-001""},{""text"":"").""}]"
"trisagion-hymn-holy-god-2","role-choir","","[""trisagion"",""hymn""]","[{""phrase_id"":""holy-god-001""},{""text"":""، ""},{""phrase_id"":""holy-mighty-001""},{""text"":""، ""},{""phrase_id"":""holy-immortal-001""},{""text"":""، ""},{""phrase_id"":""have-mercy-on-us-001""},{""text"":"".""}]"
"trisagion-rubric-baptized","","true","[""rubric"",""trisagion""]","[{""phrase_id"":""rubric-trisagion-baptized-001""},{""text"":"": ""},{""phrase_id"":""as-many-of-you-001""},{""text"":"" ""},{""phrase_id"":""baptized-into-christ-001""},{""text"":""، ""},{""phrase_id"":""put-on-christ-001""},{""text"":"". ""},{""phrase_id"":""alleluia-001""},{""text"":"".""}]"
"trisagion-rubric-cross","","true","[""rubric"",""trisagion""]","[{""phrase_id"":""rubric-trisagion-cross-001""},{""text"":"": ""},{""phrase_id"":""venerate-cross-001""},{""text"":""، ""},{""phrase_id"":""glorify-resurrection-001""},{""text"":"".""}]"
"word-command-master","role-deacon","","[""word""]","[{""phrase_id"":""command-master-001""},{""text"":"".""}]"
"word-blessed-cometh","role-priest","","[""word""]","[{""phrase_id"":""blessed-cometh-001""},{""text"":"".""}]"
"word-bless-throne","role-deacon","","[""word""]","[{""phrase_id"":""bless-throne-high-001""},{""text"":"".""}]"
"word-blessed-throne","role-priest","","[""word""]","[{""phrase_id"":""blessed-throne-glory-001""},{""text"":""، ""},{""phrase_id"":""enthroned-cherubim-001""},{""text"":""، ""},{""phrase_id"":""always-now-ever-ages-001""},{""text"":"".""}]"
"word-amen","role-deacon","","[""word""]","[{""phrase_id"":""amen-001""},{""text"":"".""}]"
"epistle-let-us-attend-1","role-deacon","","[""word"",""epistle""]","[{""phrase_id"":""let-us-attend-001""},{""text"":"".""}]"
"epistle-reader-prokeimenon","role-reader","","[""rubric"",""epistle""]","[{""phrase_id"":""reader-announces-prokeimenon-001""},{""text"":"".""}]"
"epistle-wisdom","role-deacon","true","[""word"",""epistle""]","[{""phrase_id"":""wisdom-001""},{""text"":"".""}]"
"epistle-reader-title","role-reader","","[""rubric"",""epistle""]","[{""phrase_id"":""reader-announces-epistle-title-001""},{""text"":"".""}]"
"epistle-let-us-attend-2","role-deacon","","[""word"",""epistle""]","[{""phrase_id"":""let-us-attend-001""},{""text"":"".""}]"
"epistle-reader-reads","role-reader","","[""rubric"",""epistle""]","[{""phrase_id"":""reader-reads-epistle-001""},{""text"":"".""}]"
"epistle-peace-reader","role-priest","true","[""word"",""epistle""]","[{""phrase_id"":""peace-reader-001""},{""text"":"".""}]"
"epistle-alleluia","role-choir","","[""word"",""epistle""]","[{""phrase_id"":""alleluia-001""},{""text"":"". ""},{""text"":""("",""tags"":[""rubric""]},{""phrase_id"":""thrice-001""},{""text"":"")"",""tags"":[""rubric""]}]"
"gospel-prayer-let-us-pray","role-deacon","","[""gospel""]","[{""phrase_id"":""petition-001""},{""text"":"". ""},{""phrase_id"":""lord-have-mercy-001""},{""text"":"".""}]"
"gospel-prayer-illumine-quiet","role-priest","true","[""gospel"",""quiet"",""priest-prayer""]","[{""phrase_id"":""illumine-hearts-001""},{""text"":""، ""},{""phrase_id"":""illumine-hearts-002""},{""text"":"" ""},{""phrase_id"":""illumine-hearts-003""},{""text"":""، ""},{""phrase_id"":""open-eyes-mind-001""},{""text"":"" ""},{""phrase_id"":""open-eyes-mind-002""},{""text"":"".""}]"
"gospel-prayer-commandments-quiet","role-priest","","[""gospel"",""quiet"",""priest-prayer""]","[{""phrase_id"":""implant-fear-commandments-001""},{""text"":"" ""},{""phrase_id"":""implant-fear-commandments-002""},{""text"":""، ""},{""phrase_id"":""spiritual-living-001""},{""text"":"" ""},{""phrase_id"":""spiritual-living-002""},{""text"":"" ""},{""phrase_id"":""spiritual-living-003""},{""text"":"".""}]"
"gospel-prayer-doxology-quiet","role-priest","true","[""gospel"",""quiet"",""priest-prayer"",""doxology""]","[{""phrase_id"":""illumination-souls-bodies-001""},{""text"":"" ""},{""phrase_id"":""illumination-souls-bodies-002""},{""text"":"" ""},{""phrase_id"":""illumination-souls-bodies-003""},{""text"":""، ""},{""phrase_id"":""unoriginate-father-spirit-001""},{""text"":"" ""},{""phrase_id"":""unoriginate-father-spirit-002""},{""text"":"" ""},{""phrase_id"":""unoriginate-father-spirit-003""},{""text"":""، ""},{""phrase_id"":""doxology-now-ever-ages-001""},{""text"":"". ""},{""phrase_id"":""amen-001""},{""text"":"".""}]"
"gospel-bless-proclaimer","role-deacon","true","[""gospel""]","[{""phrase_id"":""bless-proclaimer-gospel-001""},{""text"":"" ""},{""phrase_id"":""bless-proclaimer-gospel-002""},{""text"":"".""}]"
"gospel-may-god-enable","role-priest","","[""gospel""]","[{""phrase_id"":""may-god-enable-gospel-001""},{""text"":"" ""},{""phrase_id"":""may-god-enable-gospel-002""},{""text"":"" ""},{""phrase_id"":""may-god-enable-gospel-003""},{""text"":"" ""},{""phrase_id"":""may-god-enable-gospel-004""},{""text"":"".""}]"
"gospel-reading-amen","role-deacon","","[""gospel""]","[{""phrase_id"":""amen-001""},{""text"":"".""}]"
"gospel-wisdom-stand","role-deacon","true","[""gospel""]","[{""phrase_id"":""wisdom-001""},{""text"":"". ""},{""phrase_id"":""stand-upright-001""},{""text"":"". ""},{""phrase_id"":""hear-holy-gospel-001""},{""text"":"".""}]"
"gospel-peace-all","role-priest","","[""gospel""]","[{""phrase_id"":""peace-be-to-all-001""},{""text"":"".""}]"
"gospel-and-spirit","role-choir","","[""gospel""]","[{""phrase_id"":""and-to-thy-spirit-001""},{""text"":"".""}]"
"gospel-reading-from","role-deacon","","[""gospel""]","[{""phrase_id"":""reading-holy-gospel-001""},{""text"":"" ""},{""phrase_id"":""reading-holy-gospel-002""},{""text"":"" ("",""tags"":[""rubric""]},{""phrase_id"":""placeholder-so-and-so-001""},{""text"":"") "",""tags"":[""rubric""]},{""phrase_id"":""reading-holy-gospel-003""},{""text"":"" ""},{""phrase_id"":""reading-holy-gospel-004""},{""text"":"".""}]"
"gospel-glory-before","role-choir","","[""gospel""]","[{""phrase_id"":""glory-to-thee-lord-001""},{""text"":"".""}]"
"gospel-let-us-attend","role-deacon","","[""gospel""]","[{""phrase_id"":""let-us-attend-001""},{""text"":"".""}]"
"gospel-appointed-reading-rubric","","true","[""rubric"",""gospel""]","[{""phrase_id"":""rubric-appointed-gospel-001""},{""text"":"".""}]"
"gospel-glory-after","role-choir","","[""gospel""]","[{""phrase_id"":""glory-to-thee-lord-001""},{""text"":"".""}]"
"course-jesus-prayer","","","[""course"",""jesus-prayer""]","[{""phrase_id"":""jesus-prayer-lord-jesus-christ-001""},{""text"":""، ""},{""phrase_id"":""jesus-prayer-son-of-god-001""},{""text"":""، ""},{""phrase_id"":""jesus-prayer-have-mercy-on-me-001""},{""text"":"".""}]"
"course-glory-beginner","","","[""course"",""beginner"",""doxology""]","[{""phrase_id"":""beginner-glory-to-father-001""},{""text"":"" ""},{""phrase_id"":""beginner-and-to-son-001""},{""text"":"" ""},{""phrase_id"":""beginner-and-to-holy-spirit-001""},{""text"":"".""}]"
"course-both-now-beginner","","true","[""course"",""beginner"",""doxology""]","[{""phrase_id"":""beginner-both-now-001""},{""text"":"" ""},{""phrase_id"":""beginner-unto-ages-001""},{""text"":"". ""},{""phrase_id"":""amen-001""},{""text"":"".""}]"
"course-all-holy-trinity-address","","","[""course"",""beginner"",""all-holy-trinity""]","[{""phrase_id"":""all-holy-trinity-001""},{""text"":""، ""},{""phrase_id"":""all-holy-trinity-have-mercy-001""},{""text"":"".""}]"
"course-all-holy-trinity-lord","","true","[""course"",""beginner"",""all-holy-trinity""]","[{""phrase_id"":""vocative-o-lord-001""},{""text"":"" ""},{""phrase_id"":""all-holy-trinity-cleanse-sins-001""},{""text"":"".""}]"
"course-all-holy-trinity-master","","true","[""course"",""beginner"",""all-holy-trinity""]","[{""phrase_id"":""vocative-o-master-001""},{""text"":"" ""},{""phrase_id"":""all-holy-trinity-pardon-iniquities-001""},{""text"":"".""}]"
"course-all-holy-trinity-holy-one","","true","[""course"",""beginner"",""all-holy-trinity""]","[{""phrase_id"":""vocative-o-holy-one-001""},{""text"":"" ""},{""phrase_id"":""all-holy-trinity-visit-heal-001""},{""text"":""، ""},{""phrase_id"":""all-holy-trinity-name-sake-001""},{""text"":"".""}]"
